{
  "total_examples": 5329,
  "avg_prm_score": 2.534310741302868,
  "min_prm_score": -0.466796875,
  "max_prm_score": 6.23046875,
  "num_candidates_per_example": 8
}