{
  "total_examples": 349,
  "avg_prm_score": 1.7399858622291369,
  "min_prm_score": -0.10028076171875,
  "max_prm_score": 4.6640625,
  "num_candidates_per_example": 8
}