{
  "total_examples": 3189,
  "avg_prm_score": 3.364847608478363,
  "min_prm_score": 0.90771484375,
  "max_prm_score": 8.703125,
  "num_candidates_per_example": 8
}