{
  "total_examples": 2585,
  "avg_prm_score": 4.091982928927217,
  "min_prm_score": -2.2421875,
  "max_prm_score": 7.19921875,
  "num_candidates_per_example": 8
}