{
  "total_examples": 3181,
  "avg_prm_score": 2.7947604806870645,
  "min_prm_score": -0.83349609375,
  "max_prm_score": 5.41796875,
  "num_candidates_per_example": 8
}