{
  "total_examples": 839,
  "avg_prm_score": 2.696003260288534,
  "min_prm_score": -0.42431640625,
  "max_prm_score": 5.140625,
  "num_candidates_per_example": 8
}