{
  "total_examples": 7729,
  "avg_prm_score": 3.246689034273313,
  "min_prm_score": -0.6396484375,
  "max_prm_score": 8.1328125,
  "num_candidates_per_example": 8
}