{
  "total_examples": 537,
  "avg_prm_score": 1.9462995191748138,
  "min_prm_score": 0.231201171875,
  "max_prm_score": 3.724609375,
  "num_candidates_per_example": 8
}