{
  "total_examples": 3189,
  "avg_prm_score": 3.386592430767874,
  "min_prm_score": 0.88427734375,
  "max_prm_score": 9.0234375,
  "num_candidates_per_example": 8
}