{
  "total_examples": 3189,
  "avg_prm_score": 2.9367881432787755,
  "min_prm_score": -0.5302734375,
  "max_prm_score": 7.90234375,
  "num_candidates_per_example": 8
}