{
  "total_examples": 181,
  "avg_prm_score": 1.4028719907307494,
  "min_prm_score": -0.465576171875,
  "max_prm_score": 4.4765625,
  "num_candidates_per_example": 8
}