{
  "total_examples": 2585,
  "avg_prm_score": 4.5489917098438255,
  "min_prm_score": -0.1842041015625,
  "max_prm_score": 7.5546875,
  "num_candidates_per_example": 8
}