{
  "total_examples": 349,
  "avg_prm_score": 1.7212123925501432,
  "min_prm_score": 0.0648193359375,
  "max_prm_score": 4.24609375,
  "num_candidates_per_example": 8
}