{
  "total_examples": 3181,
  "avg_prm_score": 2.2231148018547664,
  "min_prm_score": -1.6796875,
  "max_prm_score": 4.984375,
  "num_candidates_per_example": 8
}