{
  "total_examples": 7729,
  "avg_prm_score": 3.320086759156869,
  "min_prm_score": 0.1287841796875,
  "max_prm_score": 8.2890625,
  "num_candidates_per_example": 8
}