{
  "total_examples": 527,
  "avg_prm_score": 2.1348384734122985,
  "min_prm_score": -0.309326171875,
  "max_prm_score": 4.234375,
  "num_candidates_per_example": 8
}